situacao,cambio,ipca,cdi
min,-0.0993999999999998,0.1003999999999999,0.2
medio,0.00019999999999999998,0.1499,0.4
max,0.1999,0.3,0.5
