situacao,cambio,ipca,cdi
min,0.05,0.0501999999999999,0.3
medio,0.1003,0.1502,0.5
max,0.3020000000000002,0.2002,0.6003
